ImagePath,PredPSPI,PredAU4,PredAU6,PredAU7,PredAU10,PredAU12,PredAU20,PredAU25,PredAU26,PredAU43,ActualPSPI,ActualAU4,ActualAU6,ActualAU7,ActualAU9,ActualAU10,ActualAU12,ActualAU20,ActualAU25,ActualAU26,ActualAU43
10a_10.0.png,-0.09190085530281067,0.051742713898420334,-0.7384699583053589,-1.894300103187561,0.1963089406490326,-0.10578355938196182,-1.2450040578842163,-1.4821637868881226,3.2494125366210938,0.052815791219472885,0.0,0.0,0.0,0.0,0.0,0.0,0.0,0.0,0.0,0.0,0.0
10a_10.10.png,0.41257381439208984,0.2063860297203064,0.18813738226890564,-3.2311811447143555,0.25322213768959045,1.0930390357971191,-0.7645363211631775,-0.42079612612724304,2.8094112873077393,0.4936596751213074,5.0,0.0,0.0,0.0,0.0,5.0,0.0,0.0,0.0,0.0,0.0
10a_10.2.png,-0.7017812728881836,-0.03576839715242386,-0.8592319488525391,-2.204676389694214,0.26689663529396057,-0.1890932023525238,-1.242116093635559,-1.5400080680847168,3.131645679473877,-0.03668713942170143,1.0,0.0,0.0,0.0,0.0,1.0,0.0,0.0,0.0,0.0,0.0
10a_10.4.png,-0.9675920009613037,-0.0375823900103569,-0.7700031399726868,-2.5782999992370605,0.2962731719017029,-0.17327246069908142,-1.2599759101867676,-1.5372042655944824,3.0334904193878174,-0.05117065832018852,2.0,0.0,0.0,0.0,0.0,2.0,0.0,0.0,0.0,0.0,0.0
10a_10.6.png,-0.8947856426239014,-0.03547428548336029,-0.5701725482940674,-2.9394638538360596,0.28907671570777893,-0.1113910898566246,-1.1515858173370361,-1.3354660272598267,2.729782819747925,0.004683756269514561,3.0,0.0,0.0,0.0,0.0,3.0,0.0,0.0,0.0,0.0,0.0
10a_10.8.png,-0.4857741892337799,0.06728395074605942,-0.23568779230117798,-3.1098227500915527,0.23692555725574493,0.44480100274086,-0.9622287154197693,-0.9300377368927002,2.609764337539673,0.20022904872894287,4.0,0.0,0.0,0.0,0.0,4.0,0.0,0.0,0.0,0.0,0.0
10aw_10.0.png,0.1414552628993988,1.2619216442108154,-0.7859998941421509,-0.908008873462677,-0.32757148146629333,0.46256396174430847,-1.0081357955932617,-1.2737281322479248,3.0480093955993652,-0.25105175375938416,0.0,0.0,0.0,0.0,0.0,0.0,0.0,0.0,0.0,0.0,0.0
10aw_10.10.png,-0.5683597326278687,0.30587369203567505,-0.03381427377462387,-2.4234256744384766,-0.5428417921066284,1.2753556966781616,-0.82389235496521,-0.8384721875190735,2.8500709533691406,-0.03623633086681366,5.0,0.0,0.0,0.0,0.0,5.0,0.0,0.0,0.0,0.0,0.0
10aw_10.2.png,-0.268431156873703,0.9200587272644043,-0.6666642427444458,-1.1570426225662231,-0.3493185341358185,0.5180313587188721,-1.0585792064666748,-1.430641531944275,2.904346466064453,-0.2657816410064697,1.0,0.0,0.0,0.0,0.0,1.0,0.0,0.0,0.0,0.0,0.0
10aw_10.4.png,-0.5873734951019287,0.6086377501487732,-0.5653727650642395,-1.4008729457855225,-0.3954893946647644,0.5828977227210999,-1.1163629293441772,-1.5250976085662842,2.82126522064209,-0.23868179321289062,2.0,0.0,0.0,0.0,0.0,2.0,0.0,0.0,0.0,0.0,0.0
10aw_10.6.png,-0.8914124965667725,0.40869373083114624,-0.507066547870636,-1.7214264869689941,-0.4669983983039856,0.6836485862731934,-1.0554308891296387,-1.4277185201644897,2.5955846309661865,-0.21733245253562927,3.0,0.0,0.0,0.0,0.0,3.0,0.0,0.0,0.0,0.0,0.0
10aw_10.8.png,-1.0463454723358154,0.30543622374534607,-0.3993895649909973,-2.0588600635528564,-0.5101331472396851,0.8782010078430176,-0.9354687333106995,-1.1668695211410522,2.653982400894165,-0.16667938232421875,4.0,0.0,0.0,0.0,0.0,4.0,0.0,0.0,0.0,0.0,0.0
10e_10.0.png,0.2710608243942261,1.3296960592269897,-1.7299747467041016,0.8322802782058716,-0.4178454875946045,-0.17964604496955872,-0.03198552876710892,-0.3588044047355652,-0.6845811009407043,-0.5763750672340393,0.0,0.0,0.0,0.0,0.0,0.0,0.0,0.0,0.0,0.0,0.0
10e_10.10.png,-1.8897477388381958,0.7047703266143799,-1.658219337463379,-0.41229331493377686,-0.5900872349739075,-0.03746633231639862,0.030392054468393326,-0.7754878997802734,-0.6479392051696777,-0.31718528270721436,5.0,0.0,0.0,0.0,0.0,5.0,0.0,0.0,0.0,0.0,0.0
10e_10.2.png,-0.22836372256278992,1.1801977157592773,-1.68489670753479,0.5456089377403259,-0.428711473941803,-0.18452540040016174,-0.09072290360927582,-0.5478290319442749,-0.7638972401618958,-0.5373599529266357,1.0,0.0,0.0,0.0,0.0,1.0,0.0,0.0,0.0,0.0,0.0
10e_10.4.png,-0.9718039035797119,0.9862930774688721,-1.716916799545288,0.18384039402008057,-0.42488420009613037,-0.3236640989780426,-0.16232046484947205,-0.7814726829528809,-0.779313325881958,-0.4897002577781677,2.0,0.0,0.0,0.0,0.0,2.0,0.0,0.0,0.0,0.0,0.0
10e_10.6.png,-1.468377709388733,0.908326268196106,-1.7262825965881348,-0.08927641808986664,-0.4408653974533081,-0.4058583080768585,-0.1897372007369995,-0.9186172485351562,-0.6834430694580078,-0.44236424565315247,3.0,0.0,0.0,0.0,0.0,3.0,0.0,0.0,0.0,0.0,0.0
10e_10.8.png,-1.819663166999817,0.8262927532196045,-1.72133469581604,-0.32169586420059204,-0.4870641231536865,-0.3479565680027008,-0.14006489515304565,-0.9304487109184265,-0.6665947437286377,-0.39627495408058167,4.0,0.0,0.0,0.0,0.0,4.0,0.0,0.0,0.0,0.0,0.0
10eb_10.0.png,-0.34362706542015076,0.9778714776039124,-1.7561894655227661,0.11571548879146576,-0.6844861507415771,0.10597801208496094,-0.7061690092086792,-1.3354218006134033,0.1556245982646942,-0.4341559112071991,0.0,0.0,0.0,0.0,0.0,0.0,0.0,0.0,0.0,0.0,0.0
10eb_10.10.png,-1.5059537887573242,1.0507738590240479,-1.5382212400436401,-1.6773146390914917,-0.6570035815238953,0.5279867053031921,-0.10859271883964539,-0.8309951424598694,0.36724838614463806,0.11017309129238129,5.0,0.0,0.0,0.0,0.0,5.0,0.0,0.0,0.0,0.0,0.0
10eb_10.2.png,-1.0101367235183716,0.9766762852668762,-1.7487742900848389,-0.3487321734428406,-0.6306201815605164,-0.19309692084789276,-0.7779267430305481,-1.4030723571777344,0.08821964263916016,-0.33936843276023865,1.0,0.0,0.0,0.0,0.0,1.0,0.0,0.0,0.0,0.0,0.0
10eb_10.4.png,-1.4172977209091187,0.9037825465202332,-1.689039707183838,-0.8094406723976135,-0.5648093819618225,-0.33476826548576355,-0.7997723817825317,-1.430062174797058,0.06287474930286407,-0.2389741688966751,2.0,0.0,0.0,0.0,0.0,2.0,0.0,0.0,0.0,0.0,0.0
10eb_10.6.png,-1.5699158906936646,0.871565580368042,-1.6116583347320557,-1.164299488067627,-0.5458487272262573,-0.2371608465909958,-0.6851038932800293,-1.3441941738128662,0.07789281010627747,-0.1745731234550476,3.0,0.0,0.0,0.0,0.0,3.0,0.0,0.0,0.0,0.0,0.0
10eb_10.8.png,-1.4525814056396484,0.9426651000976562,-1.5296226739883423,-1.4559764862060547,-0.6061338782310486,0.18625685572624207,-0.3895746171474457,-1.0915641784667969,0.07802440971136093,0.0019434839487075806,4.0,0.0,0.0,0.0,0.0,4.0,0.0,0.0,0.0,0.0,0.0
12a_12.0.png,2.2817864418029785,-0.6946563124656677,2.724609851837158,-1.3882277011871338,-0.9211992621421814,2.116652727127075,-1.4169573783874512,-1.563265323638916,3.5695223808288574,0.2385350465774536,0.0,0.0,0.0,0.0,0.0,0.0,0.0,0.0,0.0,0.0,0.0
12a_12.10.png,4.657160758972168,-0.9569528698921204,6.086076736450195,-1.9047315120697021,-0.8480753898620605,4.729788780212402,-1.312499761581421,-0.6498810052871704,2.970186471939087,0.40384456515312195,0.0,0.0,0.0,0.0,0.0,0.0,5.0,0.0,0.0,0.0,0.0
12a_12.2.png,2.1526432037353516,-0.8095918893814087,3.142099380493164,-1.5089430809020996,-0.9172869324684143,2.397273540496826,-1.317223072052002,-1.3239543437957764,3.105576276779175,0.20526675879955292,0.0,0.0,0.0,0.0,0.0,0.0,1.0,0.0,0.0,0.0,0.0
12a_12.4.png,2.4253718852996826,-0.8639140129089355,3.7815425395965576,-1.6545376777648926,-0.9222642183303833,2.851102352142334,-1.270219326019287,-1.1184837818145752,2.8759193420410156,0.24094729125499725,0.0,0.0,0.0,0.0,0.0,0.0,2.0,0.0,0.0,0.0,0.0
12a_12.6.png,3.0080809593200684,-0.8982428312301636,4.515765190124512,-1.8026859760284424,-0.9064326286315918,3.330409526824951,-1.2634828090667725,-1.0131553411483765,2.7852964401245117,0.3068045973777771,0.0,0.0,0.0,0.0,0.0,0.0,3.0,0.0,0.0,0.0,0.0
12a_12.8.png,3.7831339836120605,-0.9364721179008484,5.302276611328125,-1.8738353252410889,-0.8859909176826477,3.9865665435791016,-1.2885472774505615,-0.8367940187454224,2.8636698722839355,0.3651711642742157,0.0,0.0,0.0,0.0,0.0,0.0,4.0,0.0,0.0,0.0,0.0
12aw_12.0.png,1.7720023393630981,0.7790615558624268,-0.4834628701210022,-0.32364898920059204,-0.3940158486366272,0.04799145460128784,-0.9437194466590881,-1.0983641147613525,4.0719170570373535,0.10041150450706482,0.0,0.0,0.0,0.0,0.0,0.0,0.0,0.0,0.0,0.0,0.0
12aw_12.10.png,3.551438808441162,0.3734769821166992,2.247689962387085,-0.8669262528419495,-0.3987973928451538,1.6256911754608154,-1.4306540489196777,-0.664569079875946,3.96724796295166,0.5262983441352844,0.0,0.0,0.0,0.0,0.0,0.0,5.0,0.0,0.0,0.0,0.0
12aw_12.2.png,1.67100191116333,0.6392065286636353,-0.08539266884326935,-0.5592383146286011,-0.4002975821495056,0.11377091705799103,-1.0664081573486328,-1.0092164278030396,4.145634651184082,0.09184160828590393,0.0,0.0,0.0,0.0,0.0,0.0,1.0,0.0,0.0,0.0,0.0
12aw_12.4.png,1.8268169164657593,0.5360257625579834,0.40484702587127686,-0.6821848154067993,-0.3806810975074768,0.17149004340171814,-1.1986136436462402,-0.8950557708740234,4.203352451324463,0.12458717823028564,0.0,0.0,0.0,0.0,0.0,0.0,2.0,0.0,0.0,0.0,0.0
12aw_12.6.png,2.1451516151428223,0.47054123878479004,0.9882664680480957,-0.7565509676933289,-0.4025062918663025,0.4611581563949585,-1.331810712814331,-0.84059739112854,4.177945137023926,0.19550248980522156,0.0,0.0,0.0,0.0,0.0,0.0,3.0,0.0,0.0,0.0,0.0
12aw_12.8.png,2.7829251289367676,0.3992316424846649,1.6304113864898682,-0.8058497309684753,-0.4042840301990509,0.9929990768432617,-1.4114806652069092,-0.7658523321151733,3.99747371673584,0.3195071220397949,0.0,0.0,0.0,0.0,0.0,0.0,4.0,0.0,0.0,0.0,0.0
12e_12.0.png,3.958984375,1.0894700288772583,-0.4803398847579956,2.111978769302368,-0.13419130444526672,0.67230224609375,-0.525178849697113,-0.44289177656173706,0.8847178220748901,0.028051700443029404,0.0,0.0,0.0,0.0,0.0,0.0,0.0,0.0,0.0,0.0,0.0
12e_12.10.png,4.6577301025390625,-0.0354531928896904,2.8383543491363525,0.7722632884979248,-0.43483537435531616,3.293154716491699,-0.7746845483779907,-0.8611676692962646,1.7489869594573975,0.4706754982471466,0.0,0.0,0.0,0.0,0.0,0.0,5.0,0.0,0.0,0.0,0.0
12e_12.2.png,3.670164108276367,0.791351854801178,0.06550630927085876,1.8459047079086304,-0.18974441289901733,1.1510206460952759,-0.5214750170707703,-0.5141738653182983,0.9801931381225586,0.07193432003259659,0.0,0.0,0.0,0.0,0.0,0.0,1.0,0.0,0.0,0.0,0.0
12e_12.4.png,3.4875106811523438,0.4497339129447937,0.5948783159255981,1.5931346416473389,-0.19609779119491577,1.5713980197906494,-0.5361378192901611,-0.5968945622444153,1.056069254875183,0.18589554727077484,0.0,0.0,0.0,0.0,0.0,0.0,2.0,0.0,0.0,0.0,0.0
12e_12.6.png,3.566538095474243,0.1925676316022873,1.1731531620025635,1.2922991514205933,-0.2371218502521515,1.9454913139343262,-0.5998879671096802,-0.6791556477546692,1.2151684761047363,0.2890402674674988,0.0,0.0,0.0,0.0,0.0,0.0,3.0,0.0,0.0,0.0,0.0
12e_12.8.png,4.031094551086426,0.04539316147565842,1.9549262523651123,1.0364646911621094,-0.3283390998840332,2.5801377296447754,-0.6785029172897339,-0.8015798330307007,1.403964877128601,0.35272911190986633,0.0,0.0,0.0,0.0,0.0,0.0,4.0,0.0,0.0,0.0,0.0
12eb_12.0.png,4.478550434112549,0.7759422659873962,0.03547707572579384,1.5686094760894775,-1.0344443321228027,1.203137755393982,-0.928193211555481,-2.054060459136963,0.5155290961265564,-0.12083700299263,0.0,0.0,0.0,0.0,0.0,0.0,0.0,0.0,0.0,0.0,0.0
12eb_12.10.png,4.309845924377441,0.04139741510152817,3.394707679748535,-0.7266901731491089,-0.8778499960899353,3.557075023651123,-1.098504662513733,-2.2031805515289307,2.3040125370025635,0.2757495045661926,0.0,0.0,0.0,0.0,0.0,0.0,5.0,0.0,0.0,0.0,0.0
12eb_12.2.png,4.126643657684326,0.574059247970581,0.5008788108825684,1.1685140132904053,-1.0027483701705933,1.6663284301757812,-0.9929872155189514,-2.1306822299957275,0.701802670955658,0.01911018416285515,0.0,0.0,0.0,0.0,0.0,0.0,1.0,0.0,0.0,0.0,0.0
12eb_12.4.png,3.853152275085449,0.4271578788757324,0.9870651960372925,0.6921344995498657,-0.9323045015335083,2.077648878097534,-1.0189709663391113,-2.143760919570923,0.9620618224143982,0.12731966376304626,0.0,0.0,0.0,0.0,0.0,0.0,2.0,0.0,0.0,0.0,0.0
12eb_12.6.png,3.9781036376953125,0.3058498501777649,1.7080810070037842,0.2380005419254303,-0.8710693717002869,2.61954665184021,-1.0412280559539795,-2.172379732131958,1.2587640285491943,0.23812295496463776,0.0,0.0,0.0,0.0,0.0,0.0,3.0,0.0,0.0,0.0,0.0
12eb_12.8.png,4.170106887817383,0.22290602326393127,2.531304359436035,-0.2937319278717041,-0.8306304216384888,3.073164224624634,-1.0956369638442993,-2.208056926727295,1.8338971138000488,0.2842089831829071,0.0,0.0,0.0,0.0,0.0,0.0,4.0,0.0,0.0,0.0,0.0
20a_20.0.png,-4.789133071899414,-1.439361333847046,-1.428807020187378,-2.275455951690674,-0.46253716945648193,-0.5860128402709961,-0.5061385631561279,-1.1014806032180786,1.7627407312393188,-0.602502703666687,0.0,0.0,0.0,0.0,0.0,0.0,0.0,0.0,0.0,0.0,0.0
20a_20.10.png,-4.709161281585693,-1.280601143836975,-0.8852236866950989,-2.936126947402954,-0.3381534814834595,0.4678983688354492,-0.1748972237110138,-1.0556243658065796,3.1667349338531494,-0.5784379839897156,0.0,0.0,0.0,0.0,0.0,0.0,0.0,5.0,0.0,0.0,0.0
20a_20.2.png,-4.891385078430176,-1.430238962173462,-1.3107225894927979,-2.4276282787323,-0.42480409145355225,-0.3819149136543274,-0.4258834719657898,-1.0835673809051514,2.0806031227111816,-0.5546824932098389,0.0,0.0,0.0,0.0,0.0,0.0,0.0,1.0,0.0,0.0,0.0
20a_20.4.png,-4.988415241241455,-1.4097501039505005,-1.210429310798645,-2.557365655899048,-0.3996710479259491,-0.14292103052139282,-0.3246263265609741,-1.0834627151489258,2.341121196746826,-0.5113323330879211,0.0,0.0,0.0,0.0,0.0,0.0,0.0,2.0,0.0,0.0,0.0
20a_20.6.png,-4.9918975830078125,-1.3566230535507202,-1.121877670288086,-2.7228734493255615,-0.3892206847667694,0.10151715576648712,-0.2583538591861725,-1.0779938697814941,2.7017741203308105,-0.5258890390396118,0.0,0.0,0.0,0.0,0.0,0.0,0.0,3.0,0.0,0.0,0.0
20a_20.8.png,-4.89220666885376,-1.3040136098861694,-1.014630675315857,-2.8516688346862793,-0.3679271936416626,0.2951434552669525,-0.19624783098697662,-1.0510687828063965,2.9417433738708496,-0.5494334101676941,0.0,0.0,0.0,0.0,0.0,0.0,0.0,4.0,0.0,0.0,0.0
20aw_20.0.png,-0.10563614964485168,1.1441982984542847,-0.6303660869598389,-1.3623100519180298,-0.4611985385417938,-0.08330543339252472,-0.7607907056808472,-0.49714797735214233,3.9087228775024414,-0.31838589906692505,0.0,0.0,0.0,0.0,0.0,0.0,0.0,0.0,0.0,0.0,0.0
20aw_20.10.png,1.121834397315979,1.320732593536377,0.7292879223823547,-2.3080179691314697,-0.6908727288246155,1.2942695617675781,-0.5140022039413452,-0.41629478335380554,5.434803009033203,-0.20543308556079865,0.0,0.0,0.0,0.0,0.0,0.0,0.0,5.0,0.0,0.0,0.0
20aw_20.2.png,-0.07768723368644714,1.1480422019958496,-0.35650426149368286,-1.6276812553405762,-0.5731117129325867,0.1118716150522232,-0.6738554835319519,-0.4271862506866455,4.358105659484863,-0.40297818183898926,0.0,0.0,0.0,0.0,0.0,0.0,0.0,1.0,0.0,0.0,0.0
20aw_20.4.png,-0.058820515871047974,1.1824201345443726,-0.19866782426834106,-1.783475637435913,-0.6696842908859253,0.4072420001029968,-0.6281059384346008,-0.44158434867858887,4.690396785736084,-0.4142160713672638,0.0,0.0,0.0,0.0,0.0,0.0,0.0,2.0,0.0,0.0,0.0
20aw_20.6.png,0.1670856475830078,1.2559499740600586,0.014389418065547943,-1.9594779014587402,-0.6872662305831909,0.6473660469055176,-0.5710989236831665,-0.45295244455337524,4.984002590179443,-0.38957107067108154,0.0,0.0,0.0,0.0,0.0,0.0,0.0,3.0,0.0,0.0,0.0
20aw_20.8.png,0.5261520147323608,1.3147838115692139,0.3061729073524475,-2.1291680335998535,-0.6952607035636902,0.9175795912742615,-0.5333716869354248,-0.44036126136779785,5.231534004211426,-0.3218553066253662,0.0,0.0,0.0,0.0,0.0,0.0,0.0,4.0,0.0,0.0,0.0
20e_20.0.png,-3.333951950073242,0.30059200525283813,-1.9692516326904297,-0.6987407207489014,-0.7219194769859314,-0.5708950757980347,0.44413551688194275,-0.45160746574401855,-0.42156749963760376,-0.6688148975372314,0.0,0.0,0.0,0.0,0.0,0.0,0.0,0.0,0.0,0.0,0.0
20e_20.10.png,-2.1660799980163574,0.5839527249336243,-1.0841878652572632,-0.9957360029220581,-0.8637357354164124,0.7963210940361023,1.4471540451049805,-0.025019571185112,0.1597692221403122,-0.637308657169342,0.0,0.0,0.0,0.0,0.0,0.0,0.0,5.0,0.0,0.0,0.0
20e_20.2.png,-3.2032968997955322,0.3539605438709259,-1.7975404262542725,-0.824156641960144,-0.7540279030799866,-0.392104834318161,0.6683758497238159,-0.35856878757476807,-0.3260214626789093,-0.6092538833618164,0.0,0.0,0.0,0.0,0.0,0.0,0.0,1.0,0.0,0.0,0.0
20e_20.4.png,-2.94840145111084,0.4666888117790222,-1.583535075187683,-0.8939301371574402,-0.8010970950126648,-0.06648194789886475,0.9136946201324463,-0.252004474401474,-0.26708731055259705,-0.6053318977355957,0.0,0.0,0.0,0.0,0.0,0.0,0.0,2.0,0.0,0.0,0.0
20e_20.6.png,-2.6663641929626465,0.5612730383872986,-1.3758609294891357,-0.956439733505249,-0.8213032484054565,0.28937506675720215,1.1502619981765747,-0.15476810932159424,-0.12974528968334198,-0.620900571346283,0.0,0.0,0.0,0.0,0.0,0.0,0.0,3.0,0.0,0.0,0.0
20e_20.8.png,-2.4035418033599854,0.5937467813491821,-1.210754156112671,-0.9876676797866821,-0.8366318941116333,0.5677581429481506,1.3323700428009033,-0.06201529875397682,0.045868851244449615,-0.6345798969268799,0.0,0.0,0.0,0.0,0.0,0.0,0.0,4.0,0.0,0.0,0.0
20eb_20.0.png,-3.9069223403930664,-0.8957682847976685,-2.174755573272705,-0.6779054403305054,-0.9069859385490417,-0.34946367144584656,0.39603307843208313,-1.4559613466262817,-0.22358736395835876,-0.7416170835494995,0.0,0.0,0.0,0.0,0.0,0.0,0.0,0.0,0.0,0.0,0.0
20eb_20.10.png,-3.133134365081787,-0.6078639030456543,-1.0210949182510376,-1.3855340480804443,-1.098884105682373,1.3782644271850586,1.543645977973938,-1.118790626525879,0.6807847023010254,-0.5833693742752075,0.0,0.0,0.0,0.0,0.0,0.0,0.0,5.0,0.0,0.0,0.0
20eb_20.2.png,-3.655120849609375,-0.8174183368682861,-1.9251418113708496,-0.8304712772369385,-0.9518650770187378,0.03237747400999069,0.7212665677070618,-1.379310965538025,3.600027412176132e-05,-0.6998571753501892,0.0,0.0,0.0,0.0,0.0,0.0,0.0,1.0,0.0,0.0,0.0
20eb_20.4.png,-3.44415545463562,-0.7470400333404541,-1.6899222135543823,-0.9573104977607727,-0.9897997379302979,0.4084453284740448,0.9749624133110046,-1.355664610862732,0.13609476387500763,-0.6568750143051147,0.0,0.0,0.0,0.0,0.0,0.0,0.0,2.0,0.0,0.0,0.0
20eb_20.6.png,-3.3118836879730225,-0.7171777486801147,-1.4798128604888916,-1.0859770774841309,-1.0175226926803589,0.7574952840805054,1.1681023836135864,-1.302497386932373,0.2929805517196655,-0.6140903234481812,0.0,0.0,0.0,0.0,0.0,0.0,0.0,3.0,0.0,0.0,0.0
20eb_20.8.png,-3.1962318420410156,-0.6724364757537842,-1.253427267074585,-1.232574462890625,-1.0587323904037476,1.0674021244049072,1.3476214408874512,-1.2194966077804565,0.46018582582473755,-0.5870862603187561,0.0,0.0,0.0,0.0,0.0,0.0,0.0,4.0,0.0,0.0,0.0
25a_25.0.png,-2.1154863834381104,-0.8581774830818176,-0.40272778272628784,-2.256805419921875,-0.3399093747138977,-0.9074599146842957,-1.3341150283813477,-2.016249656677246,-0.00763509888201952,-0.11803241074085236,0.0,0.0,0.0,0.0,0.0,0.0,0.0,0.0,0.0,0.0,0.0
25a_25.10.png,-1.537211298942566,-0.717939019203186,-0.1623634248971939,-2.251457691192627,-0.2777658700942993,-0.8469623923301697,-1.2440192699432373,-1.7714024782180786,-0.04798031970858574,0.03730209916830063,0.0,0.0,0.0,0.0,0.0,0.0,0.0,0.0,5.0,0.0,0.0
25a_25.2.png,-2.120537519454956,-0.840587854385376,-0.4051547944545746,-2.2598390579223633,-0.33989959955215454,-0.9442376494407654,-1.3174313306808472,-1.994804859161377,-0.06100689619779587,-0.1201304942369461,0.0,0.0,0.0,0.0,0.0,0.0,0.0,0.0,1.0,0.0,0.0
25a_25.4.png,-2.0140645503997803,-0.8272802233695984,-0.34193307161331177,-2.256779432296753,-0.3371681571006775,-0.9313679933547974,-1.318808674812317,-1.9668203592300415,-0.1150110512971878,-0.07608266174793243,0.0,0.0,0.0,0.0,0.0,0.0,0.0,0.0,2.0,0.0,0.0
25a_25.6.png,-1.9021533727645874,-0.8109402060508728,-0.2939978837966919,-2.2671685218811035,-0.32232338190078735,-0.9383067488670349,-1.3149502277374268,-1.940427303314209,-0.12366251647472382,-0.04109015315771103,0.0,0.0,0.0,0.0,0.0,0.0,0.0,0.0,3.0,0.0,0.0
25a_25.8.png,-1.7436550855636597,-0.7720739245414734,-0.2223338931798935,-2.266345262527466,-0.30917346477508545,-0.9053388237953186,-1.2894341945648193,-1.8607603311538696,-0.11534617841243744,0.000699763186275959,0.0,0.0,0.0,0.0,0.0,0.0,0.0,0.0,4.0,0.0,0.0
25aw_25.0.png,-0.2060815989971161,0.7778131365776062,-0.24203434586524963,-1.7356210947036743,-0.40491893887519836,-1.3879430294036865,-1.1884222030639648,-0.7813429236412048,1.9663821458816528,-0.5209440588951111,0.0,0.0,0.0,0.0,0.0,0.0,0.0,0.0,0.0,0.0,0.0
25aw_25.10.png,0.42164766788482666,0.8312880396842957,-0.2219199389219284,-1.7423099279403687,-0.3559581935405731,-1.4663681983947754,-1.1146055459976196,-0.6331216096878052,1.7109465599060059,-0.48192098736763,0.0,0.0,0.0,0.0,0.0,0.0,0.0,0.0,5.0,0.0,0.0
25aw_25.2.png,-0.1358325183391571,0.7873659133911133,-0.2656313180923462,-1.7441091537475586,-0.4120190143585205,-1.4171979427337646,-1.160841464996338,-0.7502266764640808,1.8966379165649414,-0.5417925119400024,0.0,0.0,0.0,0.0,0.0,0.0,0.0,0.0,1.0,0.0,0.0
25aw_25.4.png,-0.02079761028289795,0.8004075288772583,-0.2702486515045166,-1.7459378242492676,-0.3995979130268097,-1.4396324157714844,-1.1489452123641968,-0.7471129894256592,1.8036521673202515,-0.5517730116844177,0.0,0.0,0.0,0.0,0.0,0.0,0.0,0.0,2.0,0.0,0.0
25aw_25.6.png,0.11327961087226868,0.8251304030418396,-0.2784072756767273,-1.7395100593566895,-0.3909788131713867,-1.453749418258667,-1.1321972608566284,-0.7183785438537598,1.7605366706848145,-0.5477187633514404,0.0,0.0,0.0,0.0,0.0,0.0,0.0,0.0,3.0,0.0,0.0
25aw_25.8.png,0.21829023957252502,0.8186245560646057,-0.2696702480316162,-1.71592116355896,-0.3741911053657532,-1.4466896057128906,-1.1349024772644043,-0.7288298606872559,1.730846881866455,-0.5324930548667908,0.0,0.0,0.0,0.0,0.0,0.0,0.0,0.0,4.0,0.0,0.0
25e_25.0.png,-2.1207566261291504,0.3037364184856415,-1.2994530200958252,-0.21376965939998627,-0.7873947024345398,-0.2685917019844055,0.1752232015132904,-0.9150946736335754,-0.7120229005813599,-0.6732600927352905,0.0,0.0,0.0,0.0,0.0,0.0,0.0,0.0,0.0,0.0,0.0
25e_25.10.png,-1.358929991722107,0.5591853857040405,-1.207982063293457,-0.0806969404220581,-0.7063606381416321,-0.21090421080589294,0.46292877197265625,-0.4173077642917633,-0.8949670195579529,-0.69389408826828,0.0,0.0,0.0,0.0,0.0,0.0,0.0,0.0,5.0,0.0,0.0
25e_25.2.png,-2.1252431869506836,0.30692142248153687,-1.3124969005584717,-0.21546365320682526,-0.7815926671028137,-0.2886546850204468,0.17692643404006958,-0.8659353256225586,-0.7672693729400635,-0.6860697269439697,0.0,0.0,0.0,0.0,0.0,0.0,0.0,0.0,1.0,0.0,0.0
25e_25.4.png,-2.0284547805786133,0.361486554145813,-1.3094816207885742,-0.20591868460178375,-0.7674373388290405,-0.2932625710964203,0.2186688929796219,-0.7863674163818359,-0.8088537454605103,-0.6923679113388062,0.0,0.0,0.0,0.0,0.0,0.0,0.0,0.0,2.0,0.0,0.0
25e_25.6.png,-1.9248818159103394,0.4075392782688141,-1.3013598918914795,-0.2043379247188568,-0.7462886571884155,-0.29002729058265686,0.2531171143054962,-0.6987581253051758,-0.8136595487594604,-0.7023787498474121,0.0,0.0,0.0,0.0,0.0,0.0,0.0,0.0,3.0,0.0,0.0
25e_25.8.png,-1.7411357164382935,0.46055033802986145,-1.2759087085723877,-0.17755889892578125,-0.7186692953109741,-0.2700560688972473,0.30939674377441406,-0.5936464667320251,-0.8442339301109314,-0.7054082155227661,0.0,0.0,0.0,0.0,0.0,0.0,0.0,0.0,4.0,0.0,0.0
25eb_25.0.png,-1.952997088432312,0.05164666473865509,-1.2863287925720215,-0.6067756414413452,-0.9327511787414551,-0.7952321171760559,-0.32898420095443726,-2.026339054107666,-1.2802623510360718,-0.11421412229537964,0.0,0.0,0.0,0.0,0.0,0.0,0.0,0.0,0.0,0.0,0.0
25eb_25.10.png,-0.9898464679718018,0.3492317795753479,-0.9112136960029602,-0.2896607220172882,-0.8609303832054138,-0.42863696813583374,0.3016516864299774,-1.4428298473358154,-1.4667878150939941,-0.20416437089443207,0.0,0.0,0.0,0.0,0.0,0.0,0.0,0.0,5.0,0.0,0.0
25eb_25.2.png,-1.96680748462677,0.05619435012340546,-1.2835949659347534,-0.6040512919425964,-0.9307702779769897,-0.778754711151123,-0.30581799149513245,-2.016770839691162,-1.2906184196472168,-0.13302183151245117,0.0,0.0,0.0,0.0,0.0,0.0,0.0,0.0,1.0,0.0,0.0
25eb_25.4.png,-1.9236561059951782,0.0838872641324997,-1.2609257698059082,-0.6031671762466431,-0.9219396710395813,-0.757499098777771,-0.2516995072364807,-1.9873969554901123,-1.326615333557129,-0.15022806823253632,0.0,0.0,0.0,0.0,0.0,0.0,0.0,0.0,2.0,0.0,0.0
25eb_25.6.png,-1.8669837713241577,0.14140300452709198,-1.2297158241271973,-0.5776014924049377,-0.9121363759040833,-0.7151204943656921,-0.15022772550582886,-1.90800142288208,-1.368302345275879,-0.18137046694755554,0.0,0.0,0.0,0.0,0.0,0.0,0.0,0.0,3.0,0.0,0.0
25eb_25.8.png,-1.4504493474960327,0.244327113032341,-1.0564823150634766,-0.4364454746246338,-0.8919156789779663,-0.5904672145843506,0.09849438071250916,-1.6916097402572632,-1.4367849826812744,-0.19503498077392578,0.0,0.0,0.0,0.0,0.0,0.0,0.0,0.0,4.0,0.0,0.0
26a_26.0.png,6.647542953491211,0.1540343165397644,4.35069465637207,-1.6264307498931885,-0.7224326729774475,5.074758052825928,-0.4754381775856018,-1.3514591455459595,3.7021398544311523,0.8596580028533936,0.0,0.0,0.0,0.0,0.0,0.0,0.0,0.0,0.0,0.0,0.0
26a_26.10.png,7.800347328186035,0.02800993248820305,4.359866142272949,-1.7512120008468628,0.08107281476259232,2.1689932346343994,-0.9359674453735352,-1.463686466217041,3.9572067260742188,1.7809691429138184,0.0,0.0,0.0,0.0,0.0,0.0,0.0,0.0,0.0,5.0,0.0
26a_26.2.png,6.415467739105225,0.17791259288787842,4.13021183013916,-1.5670225620269775,-0.6458582878112793,4.431634902954102,-0.5138683319091797,-1.3472039699554443,3.424438238143921,0.8738964200019836,0.0,0.0,0.0,0.0,0.0,0.0,0.0,0.0,0.0,1.0,0.0
26a_26.4.png,7.091030120849609,0.1206105574965477,4.469797134399414,-1.790399432182312,-0.4610271453857422,4.164399147033691,-0.665395975112915,-1.4787392616271973,3.851412534713745,1.3149349689483643,0.0,0.0,0.0,0.0,0.0,0.0,0.0,0.0,0.0,2.0,0.0
26a_26.6.png,7.278301239013672,0.08645392954349518,4.403323173522949,-1.8290687799453735,-0.29851770401000977,3.6463871002197266,-0.8036295175552368,-1.5907306671142578,4.062744140625,1.4351083040237427,0.0,0.0,0.0,0.0,0.0,0.0,0.0,0.0,0.0,3.0,0.0
26a_26.8.png,7.909598350524902,0.005810759030282497,4.766849040985107,-1.856927752494812,-0.0686502531170845,3.3611857891082764,-0.7595043778419495,-1.4575459957122803,4.023647785186768,1.6658049821853638,0.0,0.0,0.0,0.0,0.0,0.0,0.0,0.0,0.0,4.0,0.0
26aw_26.0.png,3.0970373153686523,2.579166889190674,-0.05904765799641609,-0.6913664937019348,-0.3468203842639923,-0.24288904666900635,-1.0167921781539917,-0.7611315846443176,3.5785021781921387,-0.019991587847471237,0.0,0.0,0.0,0.0,0.0,0.0,0.0,0.0,0.0,0.0,0.0
26aw_26.10.png,4.849921226501465,3.644561767578125,0.6711649894714355,-1.0430880784988403,-0.5716965198516846,-1.4079370498657227,-0.966765284538269,0.4375685751438141,5.322161674499512,0.13230665028095245,0.0,0.0,0.0,0.0,0.0,0.0,0.0,0.0,0.0,5.0,0.0
26aw_26.2.png,2.966552972793579,2.492302894592285,0.04222054034471512,-0.8355032205581665,-0.3250795304775238,-0.6151636838912964,-1.072672724723816,-0.8043818473815918,3.6764135360717773,-0.0063139526173472404,0.0,0.0,0.0,0.0,0.0,0.0,0.0,0.0,0.0,1.0,0.0
26aw_26.4.png,3.14076566696167,2.8278043270111084,0.18907733261585236,-0.9805837869644165,-0.44883906841278076,-0.852509081363678,-1.0033583641052246,-0.447409987449646,4.494129657745361,0.04643625020980835,0.0,0.0,0.0,0.0,0.0,0.0,0.0,0.0,0.0,2.0,0.0
26aw_26.6.png,3.494852066040039,3.248124599456787,0.1820048689842224,-1.0094983577728271,-0.541445255279541,-0.9235957860946655,-0.889422595500946,-0.17962026596069336,4.78904914855957,-0.018245555460453033,0.0,0.0,0.0,0.0,0.0,0.0,0.0,0.0,0.0,3.0,0.0
26aw_26.8.png,4.353498458862305,3.596269130706787,0.4464181065559387,-0.9857832193374634,-0.57601398229599,-1.070284366607666,-0.873149573802948,0.2536926865577698,5.060276508331299,0.055815357714891434,0.0,0.0,0.0,0.0,0.0,0.0,0.0,0.0,0.0,4.0,0.0
26e_26.0.png,3.0743274688720703,1.4841525554656982,-0.6021919250488281,1.064073920249939,-0.48812800645828247,1.4890456199645996,0.2446732521057129,-0.5610469579696655,1.2275972366333008,-0.2064434289932251,0.0,0.0,0.0,0.0,0.0,0.0,0.0,0.0,0.0,0.0,0.0
26e_26.10.png,4.383232593536377,2.2989134788513184,-0.6310683488845825,1.0899792909622192,-0.4548051357269287,0.6720530390739441,0.37296319007873535,1.003407597541809,2.023468017578125,-0.08521495759487152,0.0,0.0,0.0,0.0,0.0,0.0,0.0,0.0,0.0,5.0,0.0
26e_26.2.png,2.961740016937256,1.4038903713226318,-0.7000071406364441,1.0253937244415283,-0.4042121171951294,1.1385600566864014,0.16413860023021698,-0.541544497013092,1.1971781253814697,-0.1846083402633667,0.0,0.0,0.0,0.0,0.0,0.0,0.0,0.0,0.0,1.0,0.0
26e_26.4.png,2.9719009399414062,1.708605170249939,-0.837929368019104,0.9713699817657471,-0.4305071234703064,1.0550769567489624,0.1330384463071823,-0.17460359632968903,1.522219181060791,-0.16155889630317688,0.0,0.0,0.0,0.0,0.0,0.0,0.0,0.0,0.0,2.0,0.0
26e_26.6.png,3.1245369911193848,2.0344488620758057,-0.9235119819641113,1.0294584035873413,-0.5406498312950134,1.0665017366409302,0.24136734008789062,0.32363659143447876,1.6514276266098022,-0.15794527530670166,0.0,0.0,0.0,0.0,0.0,0.0,0.0,0.0,0.0,3.0,0.0
26e_26.8.png,3.6350882053375244,2.2727696895599365,-0.9042272567749023,1.0742247104644775,-0.5553475022315979,0.8585766553878784,0.3025089502334595,0.63039630651474,1.8243823051452637,-0.1469612866640091,0.0,0.0,0.0,0.0,0.0,0.0,0.0,0.0,0.0,4.0,0.0
26eb_26.0.png,7.063591003417969,1.7933580875396729,1.8157356977462769,1.6372241973876953,-0.5252394676208496,3.6907057762145996,0.6723560094833374,-2.014634370803833,2.2398600578308105,0.1507922112941742,0.0,0.0,0.0,0.0,0.0,0.0,0.0,0.0,0.0,0.0,0.0
26eb_26.10.png,11.571799278259277,1.9823287725448608,3.2442269325256348,2.3804919719696045,1.1019103527069092,1.8747904300689697,0.8097407221794128,-0.6740501523017883,3.2606890201568604,0.6793015599250793,0.0,0.0,0.0,0.0,0.0,0.0,0.0,0.0,0.0,5.0,0.0
26eb_26.2.png,7.309578895568848,1.470897912979126,2.0974814891815186,1.6102900505065918,-0.35208508372306824,3.456987142562866,0.6721278429031372,-2.053567886352539,2.1260814666748047,0.274543434381485,0.0,0.0,0.0,0.0,0.0,0.0,0.0,0.0,0.0,1.0,0.0
26eb_26.4.png,7.689719200134277,1.4415587186813354,2.3841328620910645,1.6358094215393066,-0.2376343309879303,3.5648975372314453,0.8246522545814514,-1.8065905570983887,2.368112564086914,0.31416577100753784,0.0,0.0,0.0,0.0,0.0,0.0,0.0,0.0,0.0,2.0,0.0
26eb_26.6.png,8.755134582519531,1.6428022384643555,2.7562150955200195,1.9777491092681885,-0.050392962992191315,3.8238189220428467,1.0093237161636353,-1.5361006259918213,2.694657325744629,0.4237372875213623,0.0,0.0,0.0,0.0,0.0,0.0,0.0,0.0,0.0,3.0,0.0
26eb_26.8.png,10.278522491455078,1.8142409324645996,3.018798351287842,2.2084522247314453,0.6275034546852112,2.7210497856140137,0.9589666128158569,-0.9255774021148682,3.1011099815368652,0.5673072338104248,0.0,0.0,0.0,0.0,0.0,0.0,0.0,0.0,0.0,4.0,0.0
43a_43.0.png,3.714200496673584,-0.276714026927948,4.428756237030029,-2.781275749206543,-0.27366456389427185,4.664793491363525,-0.9130244851112366,-0.02525709569454193,2.616076707839966,-0.7060693502426147,0.0,0.0,0.0,0.0,0.0,0.0,0.0,0.0,0.0,0.0,0.0
43a_43.10.png,3.1965444087982178,0.10195532441139221,3.3204851150512695,-1.8264144659042358,-0.42023393511772156,3.6643128395080566,-0.5485197901725769,-0.18062935769557953,2.5148472785949707,-0.9179842472076416,5.0,0.0,0.0,0.0,0.0,0.0,0.0,0.0,0.0,0.0,5.0
43aw_43.0.png,2.847454071044922,0.564429521560669,2.1256184577941895,-1.2600873708724976,-0.8552348017692566,2.02177095413208,-1.0460798740386963,-0.5747385025024414,5.738253116607666,-0.3349318504333496,0.0,0.0,0.0,0.0,0.0,0.0,0.0,0.0,0.0,0.0,0.0
43aw_43.10.png,5.2625532150268555,0.5302515029907227,2.931588888168335,-0.9540843367576599,-0.40536120533943176,1.8815009593963623,-1.3427786827087402,-1.0074033737182617,6.534348487854004,-0.3696734309196472,5.0,0.0,0.0,0.0,0.0,0.0,0.0,0.0,0.0,0.0,5.0
43e_43.0.png,0.6879695653915405,0.27149707078933716,0.28054866194725037,0.341683566570282,-1.4076454639434814,2.7957634925842285,1.0943098068237305,1.221234917640686,0.9676418304443359,-1.0378735065460205,0.0,0.0,0.0,0.0,0.0,0.0,0.0,0.0,0.0,0.0,0.0
43e_43.10.png,1.9901360273361206,0.6146556735038757,0.5458033084869385,0.2334176003932953,-1.3805134296417236,2.9769248962402344,0.8263049125671387,1.0618236064910889,1.3842370510101318,-1.1716920137405396,5.0,0.0,0.0,0.0,0.0,0.0,0.0,0.0,0.0,0.0,5.0
43eb_43.0.png,0.1991916000843048,0.1963139772415161,0.3862746059894562,0.558458685874939,-1.5254801511764526,3.8586373329162598,1.918649435043335,-0.2269880622625351,0.2641960084438324,-0.9659533500671387,0.0,0.0,0.0,0.0,0.0,0.0,0.0,0.0,0.0,0.0,0.0
43eb_43.10.png,4.043822765350342,1.338037133216858,0.9725939631462097,2.051806688308716,-1.5137531757354736,5.3199567794799805,2.2180464267730713,-0.11128129065036774,0.42137351632118225,-1.1320075988769531,5.0,0.0,0.0,0.0,0.0,0.0,0.0,0.0,0.0,0.0,5.0
4a_4.0.png,3.586754560470581,-0.6149159669876099,1.6738595962524414,-1.2448712587356567,-0.1321570724248886,2.5923447608947754,-1.2724101543426514,2.2190980911254883,5.6942548751831055,0.9527084231376648,0.0,0.0,0.0,0.0,0.0,0.0,0.0,0.0,0.0,0.0,0.0
4a_4.10.png,4.539934158325195,0.42647165060043335,-0.5457310676574707,-0.6721123456954956,-0.7408542037010193,0.7777443528175354,-0.8214422464370728,3.8714516162872314,3.304831027984619,1.6699987649917603,5.0,5.0,0.0,0.0,0.0,0.0,0.0,0.0,0.0,0.0,0.0
4a_4.2.png,4.276832103729248,-0.30156195163726807,1.4573413133621216,-0.9885151386260986,-0.08674253523349762,2.4359803199768066,-1.2304267883300781,2.190128803253174,5.915925979614258,1.0246015787124634,1.0,1.0,0.0,0.0,0.0,0.0,0.0,0.0,0.0,0.0,0.0
4a_4.4.png,4.867856502532959,0.05926895514130592,1.1447110176086426,-0.7197508215904236,-0.12214631587266922,2.142117977142334,-1.2191420793533325,2.3594918251037598,5.849880218505859,1.2071714401245117,2.0,2.0,0.0,0.0,0.0,0.0,0.0,0.0,0.0,0.0,0.0
4a_4.6.png,5.391268730163574,0.4366261959075928,0.7746523022651672,-0.4620929956436157,-0.22921514511108398,1.8250694274902344,-1.1561150550842285,2.5700018405914307,5.484439849853516,1.408599853515625,3.0,3.0,0.0,0.0,0.0,0.0,0.0,0.0,0.0,0.0,0.0
4a_4.8.png,5.0871405601501465,0.5468824505805969,-0.0762181356549263,-0.5478745698928833,-0.5422934293746948,1.2201979160308838,-0.999782145023346,3.3536360263824463,4.331590175628662,1.5342698097229004,4.0,4.0,0.0,0.0,0.0,0.0,0.0,0.0,0.0,0.0,0.0
4aw_4.0.png,-0.38893213868141174,0.8284001350402832,-1.065653681755066,-1.1778168678283691,-0.7792636156082153,-1.4553413391113281,-0.7894312739372253,1.7866971492767334,3.4514427185058594,-0.3142188787460327,0.0,0.0,0.0,0.0,0.0,0.0,0.0,0.0,0.0,0.0,0.0
4aw_4.10.png,0.3586001694202423,2.5301504135131836,-1.9641151428222656,-1.865551471710205,-1.3008267879486084,-1.8409329652786255,-0.3154832124710083,3.3599181175231934,1.851590871810913,-0.32436466217041016,5.0,5.0,0.0,0.0,0.0,0.0,0.0,0.0,0.0,0.0,0.0
4aw_4.2.png,0.5882245302200317,1.5004335641860962,-1.1794248819351196,-0.9999722838401794,-0.8484683036804199,-1.5433099269866943,-0.7882959246635437,2.0718250274658203,3.257485866546631,-0.31031137704849243,1.0,1.0,0.0,0.0,0.0,0.0,0.0,0.0,0.0,0.0,0.0
4aw_4.4.png,1.465449571609497,2.3008506298065186,-1.3300520181655884,-0.918452799320221,-0.9328181147575378,-1.608895182609558,-0.7265689373016357,2.3740687370300293,3.012956380844116,-0.2849077880382538,2.0,2.0,0.0,0.0,0.0,0.0,0.0,0.0,0.0,0.0,0.0
4aw_4.6.png,1.4783568382263184,2.6553800106048584,-1.517557144165039,-1.0887023210525513,-1.0048940181732178,-1.6552222967147827,-0.6358456611633301,2.574068307876587,2.771833896636963,-0.29134508967399597,3.0,3.0,0.0,0.0,0.0,0.0,0.0,0.0,0.0,0.0,0.0
4aw_4.8.png,1.3060851097106934,3.077700614929199,-1.7231450080871582,-1.4922386407852173,-1.0777866840362549,-1.7148158550262451,-0.46986132860183716,2.8822314739227295,2.2417662143707275,-0.3255593180656433,4.0,4.0,0.0,0.0,0.0,0.0,0.0,0.0,0.0,0.0,0.0
4e_4.0.png,0.9947524070739746,-0.33092087507247925,-1.3849753141403198,1.4214601516723633,-0.5099914073944092,-0.2004530280828476,-0.10990770161151886,1.2493101358413696,0.8102767467498779,-0.2729801535606384,0.0,0.0,0.0,0.0,0.0,0.0,0.0,0.0,0.0,0.0,0.0
4e_4.10.png,2.1843090057373047,1.1955219507217407,-2.149179458618164,0.5608434677124023,-0.950820803642273,-0.7965173721313477,-0.0416952446103096,3.1476328372955322,-0.07209239900112152,0.0818348303437233,5.0,5.0,0.0,0.0,0.0,0.0,0.0,0.0,0.0,0.0,0.0
4e_4.2.png,1.3032875061035156,-0.17514392733573914,-1.6878650188446045,1.4950401782989502,-0.6510701179504395,-0.43425366282463074,-0.09509619325399399,1.7414480447769165,0.5279027819633484,-0.320311963558197,1.0,1.0,0.0,0.0,0.0,0.0,0.0,0.0,0.0,0.0,0.0
4e_4.4.png,1.697569727897644,0.060290392488241196,-1.8694424629211426,1.4040530920028687,-0.818607747554779,-0.558023989200592,-0.09454578161239624,2.2614707946777344,0.27838045358657837,-0.28701773285865784,2.0,2.0,0.0,0.0,0.0,0.0,0.0,0.0,0.0,0.0,0.0
4e_4.6.png,2.051085948944092,0.6927453875541687,-2.2260844707489014,0.859541654586792,-1.050858497619629,-0.637845516204834,0.0343712642788887,3.069014310836792,-0.013846750371158123,-0.10991659015417099,3.0,3.0,0.0,0.0,0.0,0.0,0.0,0.0,0.0,0.0,0.0
4e_4.8.png,2.0357184410095215,1.1235969066619873,-2.2477211952209473,0.4553861916065216,-1.0509366989135742,-0.7209420800209045,0.04390787333250046,3.3228015899658203,-0.0030298111960291862,0.0031357398256659508,4.0,4.0,0.0,0.0,0.0,0.0,0.0,0.0,0.0,0.0,0.0
4eb_4.0.png,0.8422848582267761,-0.6088896989822388,-0.9478121995925903,0.9299706816673279,-1.00420081615448,1.1275185346603394,-0.22011563181877136,0.02198769710958004,0.10029008984565735,-0.4545539915561676,0.0,0.0,0.0,0.0,0.0,0.0,0.0,0.0,0.0,0.0,0.0
4eb_4.10.png,1.0416007041931152,0.5193740725517273,-2.1358871459960938,0.37605059146881104,-1.1319429874420166,0.12239369750022888,0.09887468069791794,1.8747880458831787,-0.8622753620147705,-0.056781038641929626,5.0,5.0,0.0,0.0,0.0,0.0,0.0,0.0,0.0,0.0,0.0
4eb_4.2.png,0.8265819549560547,-0.400794118642807,-1.2877017259597778,0.9382044672966003,-1.0776691436767578,0.8762770295143127,-0.04522676765918732,0.05291348323225975,0.0493038110435009,-0.48235607147216797,1.0,1.0,0.0,0.0,0.0,0.0,0.0,0.0,0.0,0.0,0.0
4eb_4.4.png,0.9155936241149902,-0.01939772069454193,-1.5094280242919922,1.0178648233413696,-1.1730842590332031,0.6004645824432373,0.04943738877773285,0.24097183346748352,-0.26112157106399536,-0.4323959946632385,2.0,2.0,0.0,0.0,0.0,0.0,0.0,0.0,0.0,0.0,0.0
4eb_4.6.png,1.233139157295227,0.4162463843822479,-1.8247427940368652,0.851059079170227,-1.192814588546753,0.3782837986946106,0.15316590666770935,0.9572761654853821,-0.5118067860603333,-0.31036850810050964,3.0,3.0,0.0,0.0,0.0,0.0,0.0,0.0,0.0,0.0,0.0
4eb_4.8.png,1.1833300590515137,0.5737427473068237,-2.2435970306396484,0.4675114154815674,-1.1811962127685547,0.09326481074094772,0.1363556683063507,1.7098429203033447,-0.6588738560676575,-0.1403891146183014,4.0,4.0,0.0,0.0,0.0,0.0,0.0,0.0,0.0,0.0,0.0
6a_6.0.png,-0.7782747745513916,-1.5507994890213013,1.12748122215271,-1.8281326293945312,-1.1422759294509888,0.7287433743476868,-1.2746455669403076,-1.2886561155319214,4.079004287719727,-0.8709276914596558,0.0,0.0,0.0,0.0,0.0,0.0,0.0,0.0,0.0,0.0,0.0
6a_6.10.png,0.7628222107887268,-1.4094648361206055,1.603822946548462,-1.1684291362762451,-1.1588118076324463,1.0277560949325562,-1.300276517868042,-0.9812881946563721,3.7117347717285156,-0.7797163128852844,5.0,0.0,5.0,0.0,0.0,0.0,0.0,0.0,0.0,0.0,0.0
6a_6.2.png,-0.5471473932266235,-1.5261720418930054,1.2160776853561401,-1.7461040019989014,-1.1580398082733154,0.7560112476348877,-1.2883244752883911,-1.2391843795776367,3.970576763153076,-0.8595439195632935,1.0,0.0,1.0,0.0,0.0,0.0,0.0,0.0,0.0,0.0,0.0
6a_6.4.png,-0.27572718262672424,-1.4962878227233887,1.2990424633026123,-1.6221625804901123,-1.1714519262313843,0.8143095970153809,-1.3034212589263916,-1.1800346374511719,3.8827905654907227,-0.8521853685379028,2.0,0.0,2.0,0.0,0.0,0.0,0.0,0.0,0.0,0.0,0.0
6a_6.6.png,0.10241881012916565,-1.4641375541687012,1.422548532485962,-1.4706149101257324,-1.177019715309143,0.8939242959022522,-1.3119277954101562,-1.1164684295654297,3.8408138751983643,-0.8365902304649353,3.0,0.0,3.0,0.0,0.0,0.0,0.0,0.0,0.0,0.0,0.0
6a_6.8.png,0.43298763036727905,-1.4405479431152344,1.5168406963348389,-1.3303747177124023,-1.1681190729141235,0.9535038471221924,-1.305005669593811,-1.0450384616851807,3.7664594650268555,-0.8059287071228027,4.0,0.0,4.0,0.0,0.0,0.0,0.0,0.0,0.0,0.0,0.0
6aw_6.0.png,-2.412468194961548,0.3179129660129547,-1.1972154378890991,-1.254279375076294,-0.7934852838516235,-1.1685084104537964,-0.845176100730896,-0.565021276473999,2.1673972606658936,-0.6983984708786011,0.0,0.0,0.0,0.0,0.0,0.0,0.0,0.0,0.0,0.0,0.0
6aw_6.10.png,-0.42330458760261536,0.6869910955429077,-1.0392718315124512,-0.5730968713760376,-0.7452192902565002,-1.136741280555725,-0.776075005531311,-0.26492661237716675,1.7529304027557373,-0.5125266313552856,5.0,0.0,5.0,0.0,0.0,0.0,0.0,0.0,0.0,0.0,0.0
6aw_6.2.png,-2.078688621520996,0.382737398147583,-1.1597938537597656,-1.1468383073806763,-0.7790490388870239,-1.1622174978256226,-0.8338761925697327,-0.5097520351409912,2.0765326023101807,-0.6508235931396484,1.0,0.0,1.0,0.0,0.0,0.0,0.0,0.0,0.0,0.0,0.0
6aw_6.4.png,-1.63192880153656,0.4758349359035492,-1.1160697937011719,-1.0090789794921875,-0.7641125321388245,-1.1444772481918335,-0.8096526861190796,-0.44798746705055237,1.9526594877243042,-0.5955271124839783,2.0,0.0,2.0,0.0,0.0,0.0,0.0,0.0,0.0,0.0,0.0
6aw_6.6.png,-1.2196531295776367,0.5562194585800171,-1.0818337202072144,-0.8770462870597839,-0.7528743743896484,-1.1290652751922607,-0.7929131388664246,-0.392121821641922,1.8804837465286255,-0.5589366555213928,3.0,0.0,3.0,0.0,0.0,0.0,0.0,0.0,0.0,0.0,0.0
6aw_6.8.png,-0.8354969024658203,0.6147983074188232,-1.0435340404510498,-0.7513757944107056,-0.750338077545166,-1.1241236925125122,-0.7948009967803955,-0.33652573823928833,1.8174446821212769,-0.5325608253479004,4.0,0.0,4.0,0.0,0.0,0.0,0.0,0.0,0.0,0.0,0.0
6e_6.0.png,-3.238215208053589,-0.8972914218902588,-1.9518089294433594,-0.5719153881072998,-0.7847920060157776,-1.2288930416107178,-0.3059104382991791,-0.7415562868118286,-0.10851466655731201,-0.8219845294952393,0.0,0.0,0.0,0.0,0.0,0.0,0.0,0.0,0.0,0.0,0.0
6e_6.10.png,-1.454094648361206,-0.8499019145965576,-1.6309216022491455,0.2657918930053711,-0.8651718497276306,-1.0283960103988647,-0.11106638610363007,-0.33948904275894165,-0.16175808012485504,-0.7758455276489258,5.0,0.0,5.0,0.0,0.0,0.0,0.0,0.0,0.0,0.0,0.0
6e_6.2.png,-2.8932461738586426,-0.8896570205688477,-1.8779804706573486,-0.4373905062675476,-0.796755313873291,-1.19789457321167,-0.2678535580635071,-0.6797150373458862,-0.10557422041893005,-0.805779218673706,1.0,0.0,1.0,0.0,0.0,0.0,0.0,0.0,0.0,0.0,0.0
6e_6.4.png,-2.53090500831604,-0.8786681294441223,-1.8016932010650635,-0.2734723389148712,-0.8163490295410156,-1.1538667678833008,-0.22263264656066895,-0.601484477519989,-0.10687917470932007,-0.7996826171875,2.0,0.0,2.0,0.0,0.0,0.0,0.0,0.0,0.0,0.0,0.0
6e_6.6.png,-2.1838412284851074,-0.8739993572235107,-1.7330358028411865,-0.10623922944068909,-0.8339213132858276,-1.1040784120559692,-0.1773715615272522,-0.525146484375,-0.11320927739143372,-0.7924283742904663,3.0,0.0,3.0,0.0,0.0,0.0,0.0,0.0,0.0,0.0,0.0
6e_6.8.png,-1.8322535753250122,-0.8666832447052002,-1.6795251369476318,0.07457193732261658,-0.8492079973220825,-1.0591206550598145,-0.1469639539718628,-0.4395964741706848,-0.1296716332435608,-0.7838248014450073,4.0,0.0,4.0,0.0,0.0,0.0,0.0,0.0,0.0,0.0,0.0
6eb_6.0.png,-2.1861281394958496,-1.465301513671875,-1.3493428230285645,-0.3421500325202942,-1.13277268409729,-0.48664629459381104,-0.527775228023529,-1.6915618181228638,0.7528188824653625,-0.848200261592865,0.0,0.0,0.0,0.0,0.0,0.0,0.0,0.0,0.0,0.0,0.0
6eb_6.10.png,-0.22859260439872742,-1.2274246215820312,-0.9623810052871704,0.5286664366722107,-1.2504947185516357,-0.3534272313117981,-0.3927082419395447,-1.3247300386428833,0.3241467773914337,-0.8300236463546753,5.0,0.0,5.0,0.0,0.0,0.0,0.0,0.0,0.0,0.0,0.0
6eb_6.2.png,-1.800244688987732,-1.4356476068496704,-1.2700870037078857,-0.18687142431735992,-1.1623332500457764,-0.46328720450401306,-0.49892330169677734,-1.6210014820098877,0.6704742908477783,-0.8270201086997986,1.0,0.0,1.0,0.0,0.0,0.0,0.0,0.0,0.0,0.0,0.0
6eb_6.4.png,-1.4029245376586914,-1.3918278217315674,-1.1942477226257324,-0.02236437052488327,-1.189151644706726,-0.4386780261993408,-0.46219491958618164,-1.539872407913208,0.5779738426208496,-0.8147155046463013,2.0,0.0,2.0,0.0,0.0,0.0,0.0,0.0,0.0,0.0,0.0
6eb_6.6.png,-0.9918484687805176,-1.3380210399627686,-1.1135634183883667,0.16369043290615082,-1.213157296180725,-0.4139164090156555,-0.43295592069625854,-1.4624087810516357,0.49501651525497437,-0.8110365271568298,3.0,0.0,3.0,0.0,0.0,0.0,0.0,0.0,0.0,0.0,0.0
6eb_6.8.png,-0.6242918968200684,-1.2843246459960938,-1.028002142906189,0.3343670964241028,-1.2302337884902954,-0.37952637672424316,-0.41015321016311646,-1.402269721031189,0.4277747869491577,-0.8190873265266418,4.0,0.0,4.0,0.0,0.0,0.0,0.0,0.0,0.0,0.0,0.0
7a_7.0.png,0.7975912094116211,-0.44505003094673157,1.6394221782684326,-2.42488169670105,-0.049506716430187225,1.5606966018676758,-0.9344121813774109,1.0647602081298828,5.912213325500488,0.03888746351003647,0.0,0.0,0.0,0.0,0.0,0.0,0.0,0.0,0.0,0.0,0.0
7a_7.10.png,2.326828718185425,-0.17318351566791534,2.2734594345092773,-2.26283597946167,-0.13040223717689514,1.5903788805007935,-0.9591830968856812,2.12037992477417,6.137721538543701,0.8535887002944946,5.0,0.0,0.0,5.0,0.0,0.0,0.0,0.0,0.0,0.0,0.0
7a_7.2.png,1.1697940826416016,-0.3716735243797302,1.8170875310897827,-2.3959317207336426,-0.05172771215438843,1.592851161956787,-0.9203917980194092,1.2953890562057495,6.068907737731934,0.1581791341304779,1.0,0.0,0.0,1.0,0.0,0.0,0.0,0.0,0.0,0.0,0.0
7a_7.4.png,1.4866832494735718,-0.3126845955848694,1.9542310237884521,-2.359829902648926,-0.06208755820989609,1.608250379562378,-0.92364501953125,1.511023759841919,6.143922328948975,0.28778988122940063,2.0,0.0,0.0,2.0,0.0,0.0,0.0,0.0,0.0,0.0,0.0
7a_7.6.png,1.799420714378357,-0.25155794620513916,2.0903255939483643,-2.3213860988616943,-0.08296050876379013,1.6148676872253418,-0.9303247928619385,1.7369271516799927,6.200851917266846,0.4393084645271301,3.0,0.0,0.0,3.0,0.0,0.0,0.0,0.0,0.0,0.0,0.0
7a_7.8.png,2.088453769683838,-0.19853636622428894,2.2005274295806885,-2.2872302532196045,-0.10944168269634247,1.6113191843032837,-0.9348475933074951,1.9620342254638672,6.204744338989258,0.6356300115585327,4.0,0.0,0.0,4.0,0.0,0.0,0.0,0.0,0.0,0.0,0.0
7aw_7.0.png,-0.4860668480396271,0.9276444911956787,0.19671456515789032,-1.7107062339782715,-0.3936387300491333,2.8765792846679688,-0.8639386296272278,-0.1134166494011879,9.488578796386719,-0.51480633020401,0.0,0.0,0.0,0.0,0.0,0.0,0.0,0.0,0.0,0.0,0.0
7aw_7.10.png,0.7238308191299438,0.7346567511558533,0.2719470262527466,-1.0325593948364258,-0.27969247102737427,2.7241086959838867,-0.7523329257965088,0.2925627529621124,9.846860885620117,-0.07372594624757767,5.0,0.0,0.0,5.0,0.0,0.0,0.0,0.0,0.0,0.0,0.0
7aw_7.2.png,-0.23695889115333557,0.9047159552574158,0.2635486125946045,-1.6086851358413696,-0.38087236881256104,2.957939624786377,-0.8673287630081177,-0.059951301664114,9.676525115966797,-0.4185815453529358,1.0,0.0,0.0,1.0,0.0,0.0,0.0,0.0,0.0,0.0,0.0
7aw_7.4.png,-0.03282976150512695,0.8551734685897827,0.2889156937599182,-1.4944818019866943,-0.36896586418151855,2.9619803428649902,-0.8525025844573975,0.013225944712758064,9.802240371704102,-0.3297356963157654,2.0,0.0,0.0,2.0,0.0,0.0,0.0,0.0,0.0,0.0,0.0
7aw_7.6.png,0.2067887783050537,0.8216911554336548,0.29564470052719116,-1.3359724283218384,-0.3473460376262665,2.9123482704162598,-0.8197820782661438,0.10665889829397202,9.870882987976074,-0.2492489069700241,3.0,0.0,0.0,3.0,0.0,0.0,0.0,0.0,0.0,0.0,0.0
7aw_7.8.png,0.46293798089027405,0.7833691835403442,0.2831870913505554,-1.1784322261810303,-0.32003480195999146,2.827406883239746,-0.7814103960990906,0.20305795967578888,9.88141918182373,-0.17001548409461975,4.0,0.0,0.0,4.0,0.0,0.0,0.0,0.0,0.0,0.0,0.0
7e_7.0.png,-2.2500550746917725,0.03524192422628403,-1.2928082942962646,-1.0933431386947632,-0.5137233734130859,1.8583660125732422,-0.6356257200241089,-0.5325141549110413,5.609783172607422,-0.581150472164154,0.0,0.0,0.0,0.0,0.0,0.0,0.0,0.0,0.0,0.0,0.0
7e_7.10.png,-0.20793446898460388,0.20770153403282166,-0.7554365396499634,-0.7110038995742798,-0.42051082849502563,1.8736357688903809,-0.5060509443283081,0.2263304889202118,6.061277389526367,-0.23138605058193207,5.0,0.0,0.0,5.0,0.0,0.0,0.0,0.0,0.0,0.0,0.0
7e_7.2.png,-1.9034556150436401,0.03935600817203522,-1.1982508897781372,-1.01691734790802,-0.5016773343086243,1.8818244934082031,-0.6089457869529724,-0.38644975423812866,5.721583366394043,-0.5328840613365173,1.0,0.0,0.0,1.0,0.0,0.0,0.0,0.0,0.0,0.0,0.0
7e_7.4.png,-1.5892330408096313,0.03702801093459129,-1.101000428199768,-0.9600858688354492,-0.4855490028858185,1.9110257625579834,-0.5958695411682129,-0.25592824816703796,5.877854347229004,-0.4830284118652344,2.0,0.0,0.0,2.0,0.0,0.0,0.0,0.0,0.0,0.0,0.0
7e_7.6.png,-1.189892053604126,0.07074765115976334,-0.9841686487197876,-0.8840842247009277,-0.45939120650291443,1.924344778060913,-0.5740358829498291,-0.1297154724597931,5.974771499633789,-0.42791974544525146,3.0,0.0,0.0,3.0,0.0,0.0,0.0,0.0,0.0,0.0,0.0
7e_7.8.png,-0.7474199533462524,0.12112420052289963,-0.8786728382110596,-0.7851243019104004,-0.4390943646430969,1.90956449508667,-0.5446949601173401,0.022535007447004318,6.008089065551758,-0.35170358419418335,4.0,0.0,0.0,4.0,0.0,0.0,0.0,0.0,0.0,0.0,0.0
7eb_7.0.png,-2.244844675064087,-0.28924497961997986,-0.7912421822547913,-2.3859431743621826,-0.5125982761383057,1.7058470249176025,-1.176611065864563,-0.11507055163383484,6.2230987548828125,-0.6041996479034424,0.0,0.0,0.0,0.0,0.0,0.0,0.0,0.0,0.0,0.0,0.0
7eb_7.10.png,-0.4794824421405792,-0.01454139593988657,-0.33456987142562866,-2.1949963569641113,-0.6233113408088684,1.5198297500610352,-0.9903217554092407,0.8935218453407288,6.373282432556152,-0.24557872116565704,5.0,0.0,0.0,5.0,0.0,0.0,0.0,0.0,0.0,0.0,0.0
7eb_7.2.png,-2.0164124965667725,-0.2721978425979614,-0.7314316034317017,-2.4049062728881836,-0.5452865958213806,1.695341944694519,-1.1512632369995117,0.06041869521141052,6.383297443389893,-0.5728515386581421,1.0,0.0,0.0,1.0,0.0,0.0,0.0,0.0,0.0,0.0,0.0
7eb_7.4.png,-1.7323013544082642,-0.2429947406053543,-0.6589168906211853,-2.3930468559265137,-0.574060320854187,1.665583848953247,-1.132034182548523,0.24197179079055786,6.472620487213135,-0.5268571376800537,2.0,0.0,0.0,2.0,0.0,0.0,0.0,0.0,0.0,0.0,0.0
7eb_7.6.png,-1.405251145362854,-0.20360060036182404,-0.5571330189704895,-2.3540260791778564,-0.599625825881958,1.629369854927063,-1.0970633029937744,0.4339095950126648,6.471468925476074,-0.4704478085041046,3.0,0.0,0.0,3.0,0.0,0.0,0.0,0.0,0.0,0.0,0.0
7eb_7.8.png,-1.0021045207977295,-0.1238887757062912,-0.45160406827926636,-2.294456720352173,-0.6108606457710266,1.566032886505127,-1.0454820394515991,0.646291971206665,6.419502258300781,-0.37865012884140015,4.0,0.0,0.0,4.0,0.0,0.0,0.0,0.0,0.0,0.0,0.0
9a_9.0.png,-0.0577867329120636,-0.8265913128852844,-0.7936763167381287,-1.8760426044464111,0.022267093881964684,-0.18498334288597107,-1.4021754264831543,-1.9092427492141724,5.699287414550781,0.26900792121887207,0.0,0.0,0.0,0.0,0.0,0.0,0.0,0.0,0.0,0.0,0.0
9a_9.10.png,-0.20279273390769958,-0.5346790552139282,-0.1993657946586609,-2.780174732208252,0.14805766940116882,-0.8986836075782776,-1.0607649087905884,-0.9761046767234802,6.742478370666504,-0.04450590908527374,5.0,0.0,0.0,0.0,5.0,0.0,0.0,0.0,0.0,0.0,0.0
9a_9.2.png,-0.1584385335445404,-0.8255459070205688,-0.8084500432014465,-2.0727810859680176,0.09132158756256104,-0.2853420376777649,-1.3635121583938599,-1.845489263534546,5.952568054199219,0.22518852353096008,1.0,0.0,0.0,0.0,1.0,0.0,0.0,0.0,0.0,0.0,0.0
9a_9.4.png,-0.3625105917453766,-0.8288536071777344,-0.7503339052200317,-2.284045457839966,0.13420844078063965,-0.501060426235199,-1.3109863996505737,-1.694244623184204,6.192861557006836,0.12465716898441315,2.0,0.0,0.0,0.0,2.0,0.0,0.0,0.0,0.0,0.0,0.0
9a_9.6.png,-0.48089954257011414,-0.787600576877594,-0.5939679741859436,-2.509620428085327,0.15161485970020294,-0.6538898944854736,-1.2378339767456055,-1.4656002521514893,6.322206497192383,0.05182761326432228,3.0,0.0,0.0,0.0,3.0,0.0,0.0,0.0,0.0,0.0,0.0
9a_9.8.png,-0.3913052976131439,-0.6821844577789307,-0.38836047053337097,-2.6731762886047363,0.14722923934459686,-0.7920306921005249,-1.1168383359909058,-1.180528163909912,6.556827545166016,-0.019682668149471283,4.0,0.0,0.0,0.0,4.0,0.0,0.0,0.0,0.0,0.0,0.0
9aw_9.0.png,3.9643421173095703,3.1428585052490234,-0.9032694101333618,-0.5753198862075806,-0.4841201901435852,-1.1764482259750366,-1.1136596202850342,-0.09180524945259094,5.144129276275635,0.4451087713241577,0.0,0.0,0.0,0.0,0.0,0.0,0.0,0.0,0.0,0.0,0.0
9aw_9.10.png,2.7862472534179688,1.9879233837127686,-1.2302093505859375,-0.9595047831535339,-0.7808220982551575,-1.4297442436218262,-0.8529986143112183,0.8513444066047668,5.662360668182373,0.42799967527389526,5.0,0.0,0.0,0.0,5.0,0.0,0.0,0.0,0.0,0.0,0.0
9aw_9.2.png,3.684537887573242,2.745952844619751,-1.0716203451156616,-0.6108735799789429,-0.5859291553497314,-1.3379766941070557,-1.0793957710266113,0.04666140303015709,5.354139804840088,0.40744876861572266,1.0,0.0,0.0,0.0,1.0,0.0,0.0,0.0,0.0,0.0,0.0
9aw_9.4.png,3.429147243499756,2.5359668731689453,-1.1465461254119873,-0.6764909029006958,-0.6944429874420166,-1.4145913124084473,-1.030739665031433,0.1904846578836441,5.5004143714904785,0.3791917562484741,2.0,0.0,0.0,0.0,2.0,0.0,0.0,0.0,0.0,0.0,0.0
9aw_9.6.png,3.0672783851623535,2.2686736583709717,-1.2008872032165527,-0.8119721412658691,-0.7374551296234131,-1.4511914253234863,-0.980005145072937,0.3260385990142822,5.565654754638672,0.34764888882637024,3.0,0.0,0.0,0.0,3.0,0.0,0.0,0.0,0.0,0.0,0.0
9aw_9.8.png,2.7804715633392334,2.082908868789673,-1.2591153383255005,-0.9335200786590576,-0.7632372379302979,-1.483215093612671,-0.920356035232544,0.5948895215988159,5.652293682098389,0.3661581575870514,4.0,0.0,0.0,0.0,4.0,0.0,0.0,0.0,0.0,0.0,0.0
9e_9.0.png,7.079800128936768,4.635813236236572,-0.7700883746147156,2.312128782272339,-0.3581625521183014,0.6637210249900818,-0.5259549617767334,0.28691795468330383,1.1297287940979004,0.3973599076271057,0.0,0.0,0.0,0.0,0.0,0.0,0.0,0.0,0.0,0.0,0.0
9e_9.10.png,3.186851978302002,3.5164709091186523,-1.815157175064087,0.6016055345535278,-0.8203616738319397,-0.4683596193790436,-0.6486102938652039,1.046066164970398,1.939482569694519,0.7896473407745361,5.0,0.0,0.0,0.0,5.0,0.0,0.0,0.0,0.0,0.0,0.0
9e_9.2.png,7.088753700256348,4.759932041168213,-0.833475649356842,2.1928131580352783,-0.4312022030353546,0.3392883539199829,-0.619860053062439,0.4592132568359375,1.2407256364822388,0.488400399684906,1.0,0.0,0.0,0.0,1.0,0.0,0.0,0.0,0.0,0.0,0.0
9e_9.4.png,6.409106731414795,4.704251289367676,-0.998228132724762,1.816613793373108,-0.5232844352722168,0.06374069303274155,-0.7475772500038147,0.6633639931678772,1.4550174474716187,0.5727251172065735,2.0,0.0,0.0,0.0,2.0,0.0,0.0,0.0,0.0,0.0,0.0
9e_9.6.png,5.281026840209961,4.461800575256348,-1.253066062927246,1.4028657674789429,-0.6310946941375732,-0.1476760357618332,-0.7566144466400146,0.8244484066963196,1.666786551475525,0.6674163937568665,3.0,0.0,0.0,0.0,3.0,0.0,0.0,0.0,0.0,0.0,0.0
9e_9.8.png,4.077262878417969,4.02023458480835,-1.5877201557159424,0.9664108753204346,-0.7279214262962341,-0.33518701791763306,-0.686496376991272,0.9821898341178894,1.7935348749160767,0.7213585376739502,4.0,0.0,0.0,0.0,4.0,0.0,0.0,0.0,0.0,0.0,0.0
9eb_9.0.png,7.528660297393799,4.919468879699707,0.3260384500026703,1.6112644672393799,-0.8437666296958923,0.7903938293457031,-0.8692001104354858,-2.1645102500915527,1.7583893537521362,0.2035406082868576,0.0,0.0,0.0,0.0,0.0,0.0,0.0,0.0,0.0,0.0,0.0
9eb_9.10.png,2.1834702491760254,2.4581353664398193,-0.9705602526664734,-1.1847213506698608,-1.0886411666870117,-0.5402960777282715,-0.8556752800941467,-0.5832347273826599,2.2873036861419678,0.06690876185894012,5.0,0.0,0.0,0.0,5.0,0.0,0.0,0.0,0.0,0.0,0.0
9eb_9.2.png,6.904120445251465,4.6803812980651855,0.08027105778455734,1.1380332708358765,-0.905560314655304,0.4204760193824768,-0.9158617258071899,-1.876757025718689,1.981730580329895,0.2614242732524872,1.0,0.0,0.0,0.0,1.0,0.0,0.0,0.0,0.0,0.0,0.0
9eb_9.4.png,5.598971366882324,4.128114223480225,-0.2615897059440613,0.48109984397888184,-0.9496244192123413,0.03608230501413345,-0.914293646812439,-1.5584602355957031,2.1137969493865967,0.24456806480884552,2.0,0.0,0.0,0.0,2.0,0.0,0.0,0.0,0.0,0.0,0.0
9eb_9.6.png,4.354898929595947,3.522925853729248,-0.5871514081954956,-0.16728995740413666,-1.0306528806686401,-0.2132585346698761,-0.876732587814331,-1.1776338815689087,2.214200258255005,0.1931566298007965,3.0,0.0,0.0,0.0,3.0,0.0,0.0,0.0,0.0,0.0,0.0
9eb_9.8.png,3.3011419773101807,3.017911672592163,-0.7857433557510376,-0.7269682884216309,-1.081223964691162,-0.4247063994407654,-0.8593322038650513,-0.8632463812828064,2.2300167083740234,0.1322021484375,4.0,0.0,0.0,0.0,4.0,0.0,0.0,0.0,0.0,0.0,0.0
